RowId,Prediction,Classification
sFvx60fE,0.04025559,0
CvLgpCHo,0.00628984,0
JAsCGaRB,0.0490143,0
ClvOMUFN,0.07843699,0
911lYZpr,0.02157838,0
beb7Ozpq,0.02346453,0
T1LDbXQF,0.04156768,0
gRpCjCsM,0.0344778,0
xHkbIyuX,0.08027082,1
7A9nt9y1,0.07934152,1
